Primary CHOPR Author/Contact - FACULTY LIST - USE DROP DOWN LIST,Primary CHOPR Author/Contact - FELLOWS - USE DROP DOWN LIST,Publication Title/Citation (RA from Tues/Thurs Meeting Announcements- Jan 2025 to present),Date of Acceptance (Tues mtg agenda date),Current Status (accepted or published - please use drop down),"Publication Type (Academic Journal Article; Media Op-Ed, etc.)-- Use drop down list","Scheduled for Digital Board (Gary) - yes, N/A ","Did NIH Fund (No or grant name i.e., PI and short title) - ask corresponding author",Uploaded to NIHMS (initial + date)- Amy or Irene as delegates,PMCID (non-journal = N/A) ,Add publication to CHOPR authors for MyBibliography / ScienCV (for biosketch author URL),,"Once published, URL to a) PMC version or b)  if not NIH, URL to journal site (RA)",Update Column C (full citation) to PubMed citation (Citle> Format: NLM) - date done + initials,PDF of Article Has Been Uploaded to the R Drive? (Initials + Date),Penn Nursing Website Faculty Pofile (Date + initials),NOTES
,Olanrewaju,"Olanrewaju S, Kutney-Lee A, Gollinelli D, Carthon MB. Nursing Resources as Mediators of COVID-19 Mortality in High Medicaid-Serving Hospitals. Innov Aging. 2025 Dec 31;9(Suppl 2):igaf122.3820. doi: 10.1093/geroni/igaf122.3820. PMCID: PMC12761938.",12/31/2025,published,Academic Journal Article,No,,,PMC12761938,,,https://pmc.ncbi.nlm.nih.gov/articles/PMC12761938/,,waiting for pubmed,,
,Turi," Turi ET, Muir KJ, Lasater KB. Nurse staffing and patient outcomes: A call to action for chronic wound care policy reform. Advances in Wound Care. 2025.https://doi.org/10.1177/21621918251400770",12/16/2025,published,Academic Journal Article,Yes,,,PMC13192300,,,https://pmc.ncbi.nlm.nih.gov/articles/PMC13192300/,,"Yes, LL, 2/1/26",,
Rebecca Clark,,"Nightingale, K. J., Branch, K., Mbakop, C., Burwell, N., Lowenthal, E. D., & Clark, R. R. S. (2025). “I love my baby more than they do”: infant feeding decision-making among mothers living with HIV in the United States. AIDS Care, 1–20. https://doi-org.proxy.library.upenn.edu/10.1080/09540121.2025.2594614",12/16/2025,published,Academic Journal Article,Yes,"Yes -  P30AI045008; PennPREP at the University of Pennsylvania, funded by NIGMS under grant number R25GM071745; Penn CFAR Scholar program, funded through the CDEIPI program under grant number 5P30AI045008",,PMC12814044,,,https://pubmed.ncbi.nlm.nih.gov/41319244/,,"Yes, LL, 2/1/26",,
Karen Lasater,,Organizational Factors to Reattract Nurses into Hospital Employment. JAMA Network OPEN,12/3/2025,accepted,,,,,PMC12887740,,,https://pubmed.ncbi.nlm.nih.gov/41661597/,,"Yes, LL, 2/1/26",,
,Olanrewaju,"Olanrewaju, S., Loeb, S. J., Boltz, M., & Jao, Y. L. (2025). Internationally Educated Nurses' Experiences of Working in U.S. Long-Term Care Settings. Research in nursing & health, 10.1002/nur.70034. Advance online publication. https://doi.org/10.1002/nur.70034 ",11/30/2025,published,Academic Journal Article,Yes,No,,PMC12779205,,,https://pubmed.ncbi.nlm.nih.gov/41319309/,,"Yes, LL, 2/1/26",N/A - fellow,
Linda Aiken,,"Aiken LH, Sermeus W, McKee M, et al. Informing Hospital Physician Well-Being Interventions in Europe and the US. JAMA Netw Open. 2025;8(11):e2544067. doi:10.1001/jamanetworkopen.2025.44067",11/17/2025,published,Academic Journal Article,Yes,,,PMC12625684,,,https://pubmed.ncbi.nlm.nih.gov/41247731/,,"GR, 11.18","GR, 11.18",
Kathryn Connell,,"Connell KA, Dayton K, Engel H, Barr J. Beyond the treatment of mechanically ventilated adults with early activity and mobilization (TEAM) trial: why the cost-effectiveness of early mobilization in ICU patients deserves a second look. Crit Care Med. 2025 Nov;53(11):e2391–2. doi:10.1097/CCM.0000000000006838.",11/4/2025,published,Academic Journal Article,Yes,,,,,,https://pubmed.ncbi.nlm.nih.gov/41263874/,11/4 GR,"Yes LL, 1/5/26",,Letter to the Editor
Rebecca Clark,,"Burwell N, Mbakop LC, Branch K, Lowenthal ED, Clark RRS, Nightingale KJ. Recruitment Strategies to Prevent Fraudulent Virtual Enrollment While Respecting Privacy in Vulnerable Populations. Qual Health Res. 2025 Oct 31:10497323251378095. doi: 10.1177/10497323251378095. Epub ahead of print. PMID: 41172108.",10/31/2025,published,Academic Journal Article,Yes,,,PMC12867122,,,https://pubmed.ncbi.nlm.nih.gov/41172108/,11/3 GR,"Yes LL, 1/5/26",,
Linda Aiken,,"Kohnen D, De Witte H, Schaufeli WB, Dello S, Bruyneel L, Aiken LH, Sermeus W. Key drivers of nurse burnout and work engagement in Europe: A cross-sectional dominance analysis. Int J Nurs Stud. 2025 Oct 15;173:105251. doi: 10.1016/j.ijnurstu.2025.105251. Epub ahead of print. PMID: 41175851.",11/3/2025,published,Academic Journal Article,Yes,,,,,,https://pubmed.ncbi.nlm.nih.gov/41175851/,11/3 GR,"Yes LL, 1/5/26",,Published on 11/03
Kathryn Connell,,"
Connell KA, Yu H, Hobensack M, Turi E. Is the Nursing PhD in Terminal Decline? The Case for Clinician-Scientist Pathways. Nursing Outlook.
",10/28/2025,published,Academic Journal Article,,,,PMC12758571,,,https://pubmed.ncbi.nlm.nih.gov/41240490/,,"Yes LL, 1/5/26",,
Kathryn Connell,David (Hyunmin)Yu,"Connell KA, Yu H, Lake ET. The Mediating Role of Missed Care in the Association Between Nurse Staffing and Patient Readmissions Across U.S. Hospitals. Policy, Politics, & Nursing Practice. 2025;0(0). doi:10.1177/15271544251385941
  ",10/28/2025,published,Academic Journal Article,Yes,,,PMC12698870,,,https://pmc.ncbi.nlm.nih.gov/articles/PMC12698870/,,Yes,,
Rebecca Clark,,https://www.researchprotocols.org/2025/1/e72139/citations ,10/28/2025,published,Academic Journal Article,Yes,,,PMC12579284,,,https://pubmed.ncbi.nlm.nih.gov/41106817/,,"Yes LL, 1/5/26",,Research protocol
Jane Muir,,Virtual Nursing for the Care of Hospitalized Patients. JAMA Network Open. https://jamanetwork.com/journals/jamanetworkopen/fullarticle/2842398 ,10/7/2025,published,Academic Journal Article,"Yes, accepted",,,PMC12681041,,,https://pmc.ncbi.nlm.nih.gov/articles/PMC12681041/,,"Yes LL, 1/5/26",,Published on 12/08/25
,David (Hyunmin)Yu,"
Yu, H., Aiken, L.H., Willis, P., Kaplow, R., Pappas, S., Burke, D., Ditomassi, M., & Lasater, K.B. (in press). Nurse well-being drives patient satisfaction in Magnet hospitals. Journal of Nursing Administration.",10/7/2025,published,Academic Journal Article,"Yes, accepted",,,,,,https://pubmed.ncbi.nlm.nih.gov/41429171/,,"Yes LL, 2/1/26",,
Olga Jarrín Montaner,,"Berryman KA, Btoush R, Jarrín OF. Validation of the Practice Environment Scale-Nursing Work Index for Measuring Hospital Case Management Practice Environment. Prof Case Manag. 2025 Sep 10. doi: 10.1097/NCM.0000000000000835. ",9/16/2025,published,Academic Journal Article,,,,PMC12483105,,,https://pubmed.ncbi.nlm.nih.gov/40934346/,,"Yes LL, 1/5/26",Yes,
,David (Hyunmin)Yu,"Yu, H., Aiken, L.H., Grischott, L.J., Davidson, C.L., Vnenchak, K., Pearl, C., Beatty, D., Golinelli, D., & Lasater, K.B. (2025). Differences in hospital staff nurses’ and nurse leaders’ assessments of the work environment and patient safety are associated with staff nurse burnout. Nursing Outlook, 73(6), 102548. https://doi.org/10.1016/j.outlook.2025.102548",9/16/2025,published,Academic Journal Article,,,,PMC12699971,,,https://pubmed.ncbi.nlm.nih.gov/40946434/,,Yes,Yes,
,Iroegbu,"Christin, Ann, Jesse, and Margo have this paper accepted in RINAH: The Impact of Nurse Staffing and Education on 30-day Mortality Among Patients Hospitalized for Acute Kidney Injury.",9/22/2025,published,Academic Journal Article,,,,PMC12779211,,,https://pubmed.ncbi.nlm.nih.gov/41020427/,,"Yes LL, 1/5/26 (early view)",,
,David (Hyunmin)Yu,"Yu H, Golinelli D, Aiken LH, McHugh MD, Brooks Carthon JM. The protective effect of Pathway to Excellence designation on patient satisfaction during the COVID-19 pandemic. Int J Qual Health Care. 2025 Oct 6;37(4):mzaf096. doi: 10.1093/intqhc/mzaf096. PMID: 40973077.",9/22/2025,published,Academic Journal Article,,,,,,,https://pubmed.ncbi.nlm.nih.gov/40973077/,,"Yes LL, 5/8/26",,
Karen Lasater,,Medical Care for the following manuscript: Manuscript DOI: N/A Manuscript ID: MDC-D-25-00048 Manuscript Title: Magnet4Europe Intervention to Improve Clinician and Patient Wellbeing: A Quasi-Experimental Study of 56 Hospitals in Six European Countries Published by: Lippincott Williams & Wilkins,9/22/2025,published,Academic Journal Article,"Yes, accepted",,,PMC12777592,,,https://pubmed.ncbi.nlm.nih.gov/41427777/,,"Yes LL, 1/5/26",,
Jane Muir,," Mensah MO, Muir KJ, Travers Altizer J, et al. Expanding Pathways to Major Journals for Early-Career Researchers. JAMA. Published online September 18, 2025. Doi:10.1001/jama.2025.15022 

Link: https://jamanetwork.com/journals/jama/fullarticle/2839110?guestAccessKey=108549c4-5748-4b7a-8c75-6de8d8b7e2f6&utm_medium=email&utm_source=postup_jn&utm_campaign=article_alert-jama&utm_content=olf-tfl_&utm_term=091825",9/18/2025,published,Media Op-ED,,,,,,,https://pubmed.ncbi.nlm.nih.gov/40965897/,,"Yes LL, 5/8/26",,
Jane Muir,,"""Nurses in California are 19% less likely to suffer from burnout. Here's why."" https://www.sagepub.com/explore-our content/blogs/posts/sage-perspectives/2025/09/15/nurses-in-california-are-19-less-likely-to-suffer-from-burnout-heres-why
Sage blog that accompanies publication
Lower Burnout Among Hospital Nurses in California Attributed to Better Nurse Staffing Ratios
K. Jane Muir, Kathy Sliwinski, Colleen A. Pogue, Daniela Golinelli, Angelo Petto, Karen B. Lasater, Matthew D. McHugh
First published: March 23, 2025
DOI: 10.1177/15271544251317506
Policy, Politics, & Nursing Practice
",9/15/2025,published,Media Op-ED,,,,N/A,,,https://www.sagepub.com/explore-our-content/blogs/posts/sage-perspectives/2025/09/15/nurses-in-california-are-19-less-likely-to-suffer-from-burnout-heres-why,,"Yes LL, 1/5/26",,
,David (Hyunmin)Yu,"Yu, H., Connell, K.A., Gorman, D., & Becker, D. (2025). Acute care nurse practitioners and healthy work environments in critical care. Critical Care Nursing Clinics of North America. https://doi.org/10.1016/j.cnc.2025.07.008",9/23/2025,published,Academic Journal Article,,,,,,,https://pubmed.ncbi.nlm.nih.gov/41193156/,,"Yes LL, 1/5/26",,
Kathryn Connell,,"Delgado, S. A., & Connell, K. A. (2025). Nursing our work environments back to health. Critical Care Nursing Clinics of North America. https://doi.org/10.1016/j.cnc.2025.08.001",9/23/2025,published,Academic Journal Article,,,,,,,https://pubmed.ncbi.nlm.nih.gov/41193162/,,"Yes LL, 2/1/26","10.14, GR",
,David (Hyunmin)Yu,"Yu, H., Aiken, L.H., Grischott, L.J., Davidson, C.L., Vnenchak, K., Pearl, C., Beatty, D., Golinelli, D., & Lasater, K.B. (2025). Differences in hospital staff nurses’ and nurse leaders’ assessments of the work environment and patient safety are associated with staff nurse burnout. Nursing Outlook, 73(6), 102548. https://doi.org/10.1016/j.outlook.2025.102548",9/16/2025,published,Academic Journal Article,,,,PMC12699971,,,https://pubmed.ncbi.nlm.nih.gov/40946434/,,Yes,,
Olga Jarrín Montaner,,"Berryman KA, Btoush R, Jarrín OF. Validation of the Practice Environment Scale-Nursing Work Index for Measuring Hospital Case Management Practice Environment. Prof Case Manag. 2025 Sep 10. doi: 10.1097/NCM.0000000000000835. 
",9/16/2025,published,Academic Journal Article,,,,PMC12483105,,,https://pubmed.ncbi.nlm.nih.gov/40934346/,,"Yes LL, 1/5/26",,
Ann Kutney Lee,,"Cole CS, Langner PR, Miller SC, Kutney-Lee A, Levy C, Cashy J, Foglia MB, Potter L, Magid KH, Murray A, Weaver MS, Barón AE, Ersek M. Patterns of Life-Sustaining Treatment Preferences Among Seriously Ill Veterans. J Am Geriatr Soc. 2025 Aug 28. doi: 10.1111/jgs.70071. Epub ahead of print. PMID: 40874443.
",9/9/2025,published,Academic Journal Article,,,,PMC12554838,,,https://pubmed.ncbi.nlm.nih.gov/40874443/,,Yes,,
Linda Aiken,,"Aiken, L.H., Sermeus, W., McKee, M., Busse, R., Smith, H., Maier, C.B., Drennan, J., Dello, S., Kohnen, D., McHugh, M.D., Lasater, K.B., for the Magnet4Europe Consortium and for the U.S. Clinician Wellbeing Study Consortium. (2025). Informing hospital physician wellbeing interventions in Europe and the United States: a cross-sectional study. JAMA Network Open 
",9/9/2025,published,Academic Journal Article,,,,PMC12625684,,,https://pubmed.ncbi.nlm.nih.gov/41247731/,,"Yes LL, 1/5/26",,
Jane Muir,,"Kathryn Jane Muir, Sung Kook Aidan Moon, Anish K. Agarwal,
Emergency department workplace violence: Clinician-endorsed strategies informing prevention mandates, Nursing Outlook, Volume 73, Issue 5, 2025, 102539, ISSN 0029-6554, https://doi.org/10.1016/j.outlook.2025.102539 
",9/9/2025,published,Academic Journal Article,,,,PMC12422708,,,https://pubmed.ncbi.nlm.nih.gov/40907122/,,"Yes LL, 1/5/26",,
,David (Hyunmin)Yu,"Yu, H., Bauermeister, J.A., McHugh, M.D., Hanneman, T., & Lasater, K.B. (2025). Inclusive hospital policies, nurse burnout, and job turnover. Nursing Research, 74(5):364-370. Https://doi.org/10.1097/NNR.0000000000000834
",9/2/2025,published,Academic Journal Article,,,,PMC12571488,,,https://pubmed.ncbi.nlm.nih.gov/40366865/,,Yes,,
Jane Muir,,"Muir KJ, Sliwinski KS, Ang L, et al. Improving Hospital Care for Patients Experiencing Communication Barriers Through Nurse-Endorsed Strategies. INQUIRY: The Journal of Health Care Organization, Provision, and Financing. 2025;62. doi:10.1177/00469580251370934
",9/2/2025,published,Academic Journal Article,,,,PMC12402610,,,https://pubmed.ncbi.nlm.nih.gov/40888549/,,"Yes LL, 1/5/26",,
Kathryn Connell,,"Connell, K. A., Lin, B., Figueroa, H., & Bethel, C. (2025). The Nurse Work Environment and Staffing in Critical Care. Critical Care Nursing Clinics.
",9/2/2025,published,Academic Journal Article,,,,,,,https://pubmed.ncbi.nlm.nih.gov/41193150/,,"Yes LL, 1/5/26",,
Linda Aiken,,What's the state of nurse-to-patient ratios in B.C.?,8/26/2025,published,Interview/Podcast,,,,N/A,,,https://www.cbc.ca/listen/live-radio/1-46-on-the-coast/clip/16164536-whats-state-nurse-to-patient-ratios-b.c,,,,
,David (Hyunmin)Yu,"Yu, H., Golinelli, D., McHugh, M.D., Brooks Carthon, J.M., & Aiken, L.H. (2025). The influence of Pathway to Excellence designation on patient satisfaction. Journal of Nursing Administration. https://doi.org/10.1097/NNA.0000000000001610
",8/26/2025,published,Academic Journal Article,,,,,,,https://pubmed.ncbi.nlm.nih.gov/40844537/,,"Yes LL, 1/5/26",,
,David (Hyunmin)Yu,"Yu, H., Brom, H., Bauermeister, J.A., Reich, J., McHugh, M.D., Hanneman, T., & Aiken, L.H. (2025). How organizational inclusion shapes patient satisfaction in Magnet hospitals. Medical Care. https://doi.org/10.1097/MLR.0000000000002201
",8/26/2025,published,Academic Journal Article,,,,PMC12699985,,,https://pubmed.ncbi.nlm.nih.gov/40853206/,,Yes,,
,David (Hyunmin)Yu,"David Yu, H., Bonett, S., Flores, D.D., Meanley, S., Choi, S., Hanneman, T., & Bauermeister, J.A. (2025). The relationship between state-level factors and LGBTQ+ policies in diverse healthcare settings in the United States: A cross-sectional multilevel analysis. BMC Health Services Research, 25, 1033. https://doi.org/10.1186/s12913-025-13148-z.
",8/14/2025,published,Academic Journal Article,,,,PMC12326804,,,https://pubmed.ncbi.nlm.nih.gov/40770751/,,"Yes LL, 1/5/26",,
,David (Hyunmin)Yu,"Yu, H., McHugh, M.D., Bonett, S., Golinelli, D., Hanneman, T., & Bauermeister, J.A. (2025). Multilevel examination of hospital participation in the Healthcare Equality Index (HEI): The role of geographic location and state healthcare policies. Journal of Health and Social Behavior. https://doi.org/10.1177/00221465251355487.
",8/14/2025,published,Academic Journal Article,,,,,,,https://pubmed.ncbi.nlm.nih.gov/40754838/,,"Yes LL, 1/5/26",,
Karen Lasater,,"Karen B. Lasater, Linda H. Aiken, Clint Douglas, Carol Windsor, Patsy Yates, Herbert L. Smith, Matthew D. McHugh,Minimum nurse staffing policy intervention in Queensland Australia improved nurse wellbeing and patient safety: A quasi-experimental intervention study,
International Journal of Nursing Studies.
",8/14/2025,published,Academic Journal Article,,,,,,,https://pubmed.ncbi.nlm.nih.gov/40845827/,,Yes,,
Jane Muir,,"Muir KJ, Golinelli D, Connell K, Lasater KB, McHugh MD. Poor Patient Care Outcomes and Nurse Job Outcomes Associated With Unfavorable Intensive Care Unit and Emergency Department Nurse Work Environments: Implications for Critical Care Medicine. Value Health. 2025 Jul 8:S1098-3015(25)02434-9. doi: 10.1016/j.jval.2025.06.017. Epub ahead of print. PMID: 40639581.",8/14/2025,published,Academic Journal Article,,,,PMC12372961,,,https://pubmed.ncbi.nlm.nih.gov/40639581/,,Yes,,
Jane Muir,,"Acevedo A, Whidden E, Zepeda F, Muir KJ, Owen DD. Evaluating Emergency Department Utilization among Undocumented Patients Receiving Care at a Community Health Clinic. Journal of Immigrant and Minority Health. 2025 Jul 10:1-0.",8/14/2025,published,Academic Journal Article,,,,PMC12669307,,,https://pubmed.ncbi.nlm.nih.gov/40640611/,,"Yes LL, 1/5/26",,
Linda Aiken,,"Aiken LH. Safe nurse staffing saves lives and money across the world. Penn LDI Research & Policy Updates. July 29, 2025. https://ldi.upenn.edu/our-work/research-updates/safe-nurse-staffing-saves-lives-and-money-across-the-world/",7/31/2025,published,Media Op-ED,,,,N/A,,,https://ldi.upenn.edu/our-work/research-updates/safe-nurse-staffing-saves-lives-and-money-across-the-world/,,"Yes LL, 1/5/26",,
Karen Lasater,,"Lasater KB, Brom H, Aiken LH, McHugh MD. Are minimum nurse?to?patient staffing ratios needed in hospitals? An observational study in British Columbia, Canada. BMJ Open. 2025;15(7):e099358. doi:10.1136/bmjopen?2025?099358. ",7/31/2025,published,Academic Journal Article,,,,PMC12314935,,,https://pubmed.ncbi.nlm.nih.gov/40738631/,,Yes,,
Eileen Lake,,"Lake, Eileen T.; Markaki, Adelais; Ocho, Oscar; Kavukattu, Tina J.; Bryant?Lukosius, Denise; Lori, Jody R.; Munroe, Dawn; Walsh, Susan M.; Bolastig, Edwin; Moreno Dias, Bruna; Partapsingh, Vishwanath; Alvarez, Carmen; Anderson?Johnson, Pauline; Lynch, Monique; Wynter?Hewitt, Jaime. (accepted 7.5.2025) Fostering International Collaborations to Inform Nursing and Midwifery Policy: A Caribbean Initiative. International Nursing Review
",7/10/2025,published,Academic Journal Article,,,,PMC12344391,,,https://pubmed.ncbi.nlm.nih.gov/40798966/,,Yes,,
,Olanrewaju,"Olanrewaju S, Loeb SJ, Boltz M, Jao Y-L. Impact of Transitional Experiences on the Preparedness of Internationally Educated Nurses to Provide Care for Older Adults in U.S. Long-Term Care Settings: A Qualitative Study. Journal of Gerontological Nursing. 2025;0(0):1-8. doi:10.3928/00989134-20250627-02 ",7/10/2025,published,Academic Journal Article,,,,PMCID: PMC13200816.,,,https://pubmed.ncbi.nlm.nih.gov/40608421/,,"Yes, LL, 2/1/26",,
,David (Hyunmin)Yu,"Yu H, Su J, Choi E, Seo E. South Korea’s doctor strike highlights need to legitimize and support advanced practice nursing. Health Aff (Millwood) Forefront. Published 2025. Accessed December 17, 2025. https://www.healthaffairs.org/do/10.1377/forefront.20250627.636429/",7/10/2025,published,Media Op-ED,,,,N/A,,,https://www.healthaffairs.org/content/forefront/south-korea-s-doctor-strike-highlights-need-legitimize-and-support-advanced-practice,,"Yes LL, 1/5/26",,
,Lynne Moronski,"Moronski L, Chittams JL, Lake ET, McHugh MD. Association of Nurse Work Environment, Staffing, and Skill Mix With Length of Stay for Patients With Intellectual and Developmental Disabilities. Med Care. 2025 Sep 1;63(9):672-678. doi: 10.1097/MLR.0000000000002168. Epub 2025 May 28. PMID: 40793915.",6/26/2025,published,Academic Journal Article,,,,PMC13129885,,,https://pubmed.ncbi.nlm.nih.gov/40793915/,,Yes,,
,Lynne Moronski,"Moronski L. My daughter died after a medication error at a NJ group home — medication errors must be stopped. NorthJersey.com. June 5, 2025. https://www.northjersey.com/story/opinion/2025/06/05/nj-group-home-medication-errors-must-be-stopped-opinion/83895547007/",6/26/2025,published,Media Op-ED,,,,N/A,,,https://www.northjersey.com/story/opinion/2025/06/05/nj-group-home-medication-errors-must-be-stopped-opinion/83895547007/,,"Yes LL, 1/5/26",,
Margo Brooks-Carthon,,"Brooks Carthon JM, Muir KJ, Ang L, Amenyedor K, Golinelli D, Feder S, Kutney-Lee A. Hospital Nurse Perspectives on Barriers and Facilitators to Caring for Socially Disadvantaged Patients. JAMA Netw Open. 2025 Jun 2;8(6):e2512397. doi: 10.1001/jamanetworkopen.2025.12397. PMID: 40478576; PMCID: PMC12144619.",6/26/2025,published,Academic Journal Article,,,,PMC12144619,,,https://pubmed.ncbi.nlm.nih.gov/40478576/,,"Yes LL, 1/5/26",,
Karen Lasater,,Lasater KB. Eliminating hospital nurse understaffing is a cost-effective patient safety intervention. BMJ Qual Saf. 2025 Dec 15;35(1):1-3. doi: 10.1136/bmjqs-2025-018677. PMID: 40484627.,6/26/2025,published,Media Op-ED,,,,,,,https://pubmed.ncbi.nlm.nih.gov/40484627/,,"Yes LL, 1/5/26",,
,Turi,"Turi E, Aronowitz SV, Bettencourt A, Li A, Lin J, McFadden R, Mandell D, Wolk CB. Scaling up low barrier wound care for people who use drugs: a mixed methods study. Harm Reduct J. 2025 May 21;22(1):84. doi: 10.1186/s12954-025-01241-9. PMID: 40394567; PMCID: PMC12093673.",6/26/2025,published,Academic Journal Article,,,,PMC12093673,,,https://pubmed.ncbi.nlm.nih.gov/40394567/,,"Yes LL, 1/5/26",,
Ann Kutney Lee,,"Kutney-Lee A, Golinelli D, Feder SL, Amenyedor KE, Lasater KB, McHugh MD, Carthon JMB. Hospital Performance, Nursing Resources, and Health Inequities During the COVID-19 Pandemic. Nurs Res. 2025 Jul-Aug 01;74(4):280-287. doi: 10.1097/NNR.0000000000000821. Epub 2025 Mar 24. PMID: 40127111; PMCID: PMC12188792.",6/26/2025,published,Academic Journal Article,,,,PMC12188792,,,https://pubmed.ncbi.nlm.nih.gov/40127111/,,"Yes LL, 1/5/26",,
Linda Aiken,,"Aiken?LH. Safe Staffing: Protecting the Health & Safety of Nurses & Patients: Policy Brief. University of Pennsylvania School of Nursing, Center for Health Outcomes and Policy Research; May?2025. Accessed December?17,?2025. https://www.nursing.upenn.edu/live/files/safe?staffing?policy?brief",6/26/2025,published,Media Op-ED,,,,N/A,,,https://www.nursing.upenn.edu/chopr/policy-briefs-white-papers/,,"Yes LL, 1/5/26",,
,Gil,"Galvis A, Silvers S, Moore K. Nursing's Response to Immigration Policies. Am J Nurs. 2025 Jun 1;125(6):8. doi: 10.1097/AJN.0000000000000078. Epub 2025 May 22. PMID: 40403249.",5/29/2025,published,Academic Journal Article,,,,,,,https://pubmed.ncbi.nlm.nih.gov/40403249/,,"Yes LL, 1/5/26",,
Rebecca Clark,,"Porat-Dahlerbruch J, Clark R, Dutchess B, Blumenthal NP, Ellen ME. Factors affecting integration of the nurse practitioner workforce into health systems: a Delphi consensus study. BMC Health Serv Res. 2025 Jun 2;25(1):786. doi: 10.1186/s12913-025-12929-w. PMID: 40457343; PMCID: PMC12128251.",5/29/2025,published,Academic Journal Article,,,,PMC12128251,,,https://pubmed.ncbi.nlm.nih.gov/40457343/,,"Yes LL, 1/5/26",,
Jane Muir,,"Muir, K.J., Agarwal, A.K., Golinelli, D. et al. Association of emergency department nurse and physician work environment agreement on clinician job and patient outcomes. BMC Health Serv Res 25, 709 (2025). https://doi.org/10.1186/s12913-025-12720-x
",5/22/2025,published,Academic Journal Article,,,,PMC12083161,,,https://pubmed.ncbi.nlm.nih.gov/40375323/,,"Yes LL, 1/5/26",,
Kathryn Connell,,"Tipton D. Are nurse scientists a luxury? Tipton Health. May 21, 2025. Accessed December 17, 2025. https://tiptonhealth.com/are-nurse-scientists-a-luxury/",5/22/2025,published,Interview/Podcast,,,,N/A,,,https://tiptonhealth.com/are-nurse-scientists-a-luxury/,,"Yes LL, 1/5/26",,
,David (Hyunmin)Yu,"Yu, H., Tibbitt, C., Brooks Carthon, J.M., Lasater, K.B., Bauermeister, J.A., & McHugh, M.D. (2025). System-level factors contributing to burnout and professional well-being among transgender and gender-diverse nurses. Health Equity, 9(1), 245-255. https://doi.org/10.1089/heq.2024.0196.
",5/15/2025,published,Academic Journal Article,,,,PMC12270527,,,https://pubmed.ncbi.nlm.nih.gov/40677652/,,"Yes LL, 1/5/26",,
,David (Hyunmin)Yu,"Yu, H., Tran, J.T., Bonett, S., Wolfe, J.R., Horvath, K.J., Castel, A.D., Hightow-Weidman, L.B., Sullivan, P., & Bauermeister, J.A. (2025). Mediation analysis of internalized homophobia, self-esteem, and mental health in adolescent sexual minority men: A repeated measures study. Youth & Society. https://doi.org/10.1177/0044118X251338311.
",5/15/2025,published,Academic Journal Article,,,,PMC12383279,,,https://pubmed.ncbi.nlm.nih.gov/40881138/,,"Yes LL, 1/5/26",,
Kathryn Connell,,"Connell K, Turi E, Hobensack M. Nurse-scientists shouldn’t have to choose between research and caring for patients. Stat News. April 28, 2025. Accessed December 17, 2025. https://www.statnews.com/2025/04/28/nurse-scientists-research-clinical-trials-hospital-system-support/",5/8/2025,published,Media Op-ED,,,,N/A,,,https://www.statnews.com/2025/04/28/nurse-scientists-research-clinical-trials-hospital-system-support/,,"Yes LL, 1/5/26",,
,Olanrewaju,"Olanrewaju SA, Loeb SJ. Challenges and Opportunities for Immigrant Nursing Staff in U.S. Long-Term Care Facilities. J Gerontol Nurs. 2025 May;51(5):4-6. doi: 10.3928/00989134-20250414-01. Epub 2025 May 1. PMID: 40294383.",5/8/2025,published,Media Op-ED,,,,,,,https://pubmed.ncbi.nlm.nih.gov/40294383/,,"Yes LL, 1/5/26",,
Jane Muir,,"Muir KJ, Sliwinski KS, Golinelli D, McHugh MD, Lasater KB. Hospital Ownership Type Correlated With Investments in Nursing Services: Evidence From Illinois. Med Care. 2025 Aug 1;63(8):594-599. doi: 10.1097/MLR.0000000000002148. Epub 2025 Apr 30. PMID: 40758552.",5/8/2025,published,Academic Journal Article,,,,,,,https://pubmed.ncbi.nlm.nih.gov/40758552/,,"Yes LL, 1/5/26",,
,Kamen,"Kamen A, Clark R, Bass MB, Fonshell C, Holland S, O'Donnell J, Mull NK, Mitchell MD. Patient Hand Hygiene Before Meals: A Systematic Review. J Nurs Care Qual. 2025 Jul-Sep 01;40(3):217-224. doi: 10.1097/NCQ.0000000000000858. Epub 2025 Apr 1. PMID: 40168668.",4/3/2025,published,Academic Journal Article,,,,PMC13008498,,,https://pubmed.ncbi.nlm.nih.gov/40168668/,,"Yes LL, 1/5/26",,
,Iroegbu,"Iroegbu C, Lasater KB, Brooks-Carthon M. Evaluating the Impact of the Work Environment on Job Outcomes Among Registered Nurses Working in Outpatient Dialysis Centers: A Cross-Sectional Study. Nephrol Nurs J. 2025 Jan-Feb;52(1):23-31. PMID: 40035607.",3/27/2025,published,Academic Journal Article,,,,,,,https://pubmed.ncbi.nlm.nih.gov/40035607/,,Yes,,
Jane Muir,,"Muir, KJ, Sliwinski K, Pogue CA, et al. Lower Burnout Among Hospital Nurses in California Attributed to Better Nurse Staffing Ratios. Policy, Politics, & Nursing Practice. 2025;0(0). doi:10.1177/15271544251317506 https://journals.sagepub.com/doi/10.1177/15271544251317506
",3/27/2025,published,Academic Journal Article,,,,PMC12214290,,,https://pubmed.ncbi.nlm.nih.gov/40123204/,,Yes,,
Heather Brom,,"Kennedy, L, Brom, H, Lasater, KB, Albert, NM, Holmes Gobel, B, DeLemos, C, Williams, LM, & Aiken, LH, for the US Clinician Well-being Study Consortium. Advanced Practice Registered Nurse Burnout in Magnet Hospitals: Opportunities for Organizational Intervention. JONA: The Journal of Nursing Administration ():10.1097/NNA.0000000000001566, March 17, 2025. | DOI: 10.1097/NNA.0000000000001566 
https://journals.lww.com/jonajournal/fulltext/9900/advanced_practice_registered_nurse_burnout_in.103.aspx
",3/27/2025,published,Academic Journal Article,,,,PMC11939090,,,https://pubmed.ncbi.nlm.nih.gov/40096574/,,"Yes LL, 1/5/26",,
,David (Hyunmin)Yu,"Yu, H., McHugh, M. D., Bauermeister, J. A., Hanneman, T., & Brom, H. (2025). Impact of hospitals’ LGBTQ+ inclusion efforts on patient satisfaction from 2016 to 2023: a retrospective longitudinal observational study. BMJ Quality & Safety.
",3/27/2025,published,Academic Journal Article,,,,,,,https://pubmed.ncbi.nlm.nih.gov/40050020/,,Yes,,
,David (Hyunmin)Yu,"Yu H, McHugh MD, Bauermeister JA, Hanneman T, Lasater KB. LGBTQ+ Inclusive Policies, Nurse Job Outcomes, and Quality of Care in Hospitals. JAMA Netw Open. 2025 Mar 3;8(3):e251765. doi: 10.1001/jamanetworkopen.2025.1765. PMID: 40131273; PMCID: PMC11937948.",3/27/2025,published,Academic Journal Article,,,,PMC11937948,,,https://pubmed.ncbi.nlm.nih.gov/40131273/,,"Yes LL, 1/5/26",,
Rebecca Clark,,"Clark R, Klaiman T, Sliwinski K, Hamm R, Flores E. Communication failures and racial disparities in inpatient maternity care: a qualitative content analysis of incident reports. BMJ Open Qual. 2025 Mar 6;14(1):e003112. doi: 10.1136/bmjoq-2024-003112. PMID: 40050039; PMCID: PMC11887315.",3/6/2025,published,Academic Journal Article,,,,PMC11887315,,,https://pubmed.ncbi.nlm.nih.gov/40050039/,,"Yes LL, 1/5/26",,
Eileen Lake,,"Lake ET, Tibbitt CC, Rizzo JF, Iroegbu C, Smith JG, Staiger DO, Rogowski JA. Worse Nursing-Sensitive Indicators in Black-Serving Hospitals. Nurs Res. 2025 Jul-Aug 01;74(4):324-328. doi: 10.1097/NNR.0000000000000819. Epub 2025 May 7. PMID: 40088420; PMCID: PMC12197836.",2/27/3035,published,Academic Journal Article,,,,PMC12197836,,,https://pubmed.ncbi.nlm.nih.gov/40088420/,,Yes,,
Kathryn Connell,,"Connell KA, Davis BS, Kahn JM. Association between Nurse Continuity and Mortality in the Intensive Care Unit. Ann Am Thorac Soc. 2025 May;22(5):742-748. doi: 10.1513/AnnalsATS.202406-603OC. PMID: 39965150; PMCID: PMC12051911.",2/27/3035,published,Academic Journal Article,,,,PMC12051911,,,"https://pubmed.ncbi.nlm.nih.gov/39965150/#:~:text=Average%20cumulative%20nurse%20continuity%20increased,some%20but%20not%20all%20shifts.",,"Yes, LL, 2/1/26",,
,Iroegbu,"Iroegbu C, Matura LA, Tuot DS. Becoming the actively engaged patient: patient-driven strategies for activation in CKD care. J Nephrol. 2025 Jun;38(5):1413-1416. doi: 10.1007/s40620-025-02241-5. Epub 2025 Feb 28. PMID: 40019702; PMCID: PMC12289420.",2/20/3035,published,Academic Journal Article,,,,PMC12289420,,,https://pubmed.ncbi.nlm.nih.gov/40019702/,,Yes,,
,Lynne Moronski,"Moronski L. Worth living: 4 ideas to make life better for people with disabilities and their caregivers. The Philadelphia Inquirer. Published February 2, 2025; updated February 3, 2025. Accessed January 5, 2026. https://www.inquirer.com/opinion/commentary/disabilities-paradox-pay-differential-dei-advocacy-parenting-20250202.html",2/13/2025,published,Media Op-ED,,,,N/A,,,https://www.inquirer.com/opinion/commentary/disabilities-paradox-pay-differential-dei-advocacy-parenting-20250202.html?id=baL4BcuEi8JsY&utm_source=social&utm_campaign=gift_link&utm_medium=referral,,"Yes LL, 1/5/26",,
Jane Muir,,"Rettberg G, Sliwinski K, Muir KJ. Improving care for individuals with limited English proficiency: Investing in nurses may help. Penn LDI Research & Policy Updates. January 30, 2025. Accessed December 17, 2025. https://ldi.upenn.edu/our-work/research-updates/improving-care-for-individuals-with-limited-english-proficiency/",2/13/2025,published,Media Op-ED,,,,N/A,,,https://ldi.upenn.edu/our-work/research-updates/improving-care-for-individuals-with-limited-english-proficiency/?utm_medium=email&_hsenc=p2ANqtz-9RXzdBJmGKIvsZHE4H4PCKTRSi2eHoIk2d7Pll609b3CSVjUM4YoSWSNeRgTicMzdDef4Z9N0tKsfJaqAY4P4IPFgHvm5CqAYhl_aLPQmLjlWNZhU&_hsmi=346814260&utm_content=346814260&utm_source=hs_email,,"Yes LL, 1/5/26",,
,Lynne Moronski,"Moronski L. Murder, vitriol, and hidden costs: inside the health insurance industry’s biggest battles. KevinMD. February 6, 2025. Accessed January 5, 2026. https://kevinmd.com/2025/02/murder-vitriol-and-hidden-costs-inside-the-health-insurance-industrys-biggest-battles/",2/13/3035,published,Media Op-ED,,,,N/A,,,https://kevinmd.com/2025/02/murder-vitriol-and-hidden-costs-inside-the-health-insurance-industrys-biggest-battles.html,,"Yes LL, 1/5/26",,
,Olanrewaju,"Olanrewaju, S., Kitt-Lewis, E., & Phillips, K. (2025). Bridging Cultures in Care: A Narrative Review of Strategies for Internationally Educated Nurses to Navigate End-of-Life Practices in Host Countries. Journal of the Society of Internationally Educated Nurses, 2(1), 2871. https://doi.org/10.31542/w6dyhj37",1/23/2025,published,Academic Journal Article,,,,PMCID: PMC13218658  NIHMSID: NIHMS2074438,,,https://journals.macewan.ca/jsien/article/view/2871,,"Yes LL, 1/5/26",,
,Lynne Moronski,"Moronski L, Flynn L, Jha P, Lake E. Protective association of work environment on nurses' posttraumatic stress disorder symptoms during the pandemic. Nurs Manage. 2025 Jan 1;56(1):24-30. doi: 10.1097/nmg.0000000000000207. Epub 2025 Jan 7. PMID: 39774082; PMCID: PMC11987897.",1/16/2025,published,Academic Journal Article,,,,PMC11987897 ,,,https://pubmed.ncbi.nlm.nih.gov/39774082/,,Yes,,
Eileen Lake,,"Hospital Safety During the COVID-19 Pandemic: A Closer Look at Nursing-Sensitive Quality Indicators
",1/9/2025,published,Interview/Podcast,,,,N/A,,,https://reachmd.com/programs/clinicians-roundtable/hospital-safety-during-the-covid-19-pandemic-a-closer-look-at-nursing-sensitive-quality-indicators/29452/,,"Yes LL, 1/5/26",,
,Turi,"Turi E. Banning mobile care in Kensington will have severe health consequences. The Philadelphia Inquirer. Published December 6, 2024. Accessed December 17, 2025. https://www.inquirer.com/opinion/commentary/opioid-kensington-mobile-healthcare-preventive-20241206.html
.",1/9/2025,published,Media Op-ED,,,,N/A,,,https://www.inquirer.com/opinion/commentary/opioid-kensington-mobile-healthcare-preventive-20241206.html,,"Yes LL, 1/5/26",,
Jane Muir,,"Muir KJ, Sliwinski K, Lasater KB. Reducing disparities in emergency department outcomes for individuals with limited English proficiency: The nurse work environment. Nurs Outlook. 2025 Jan-Feb;73(1):102318. doi: 10.1016/j.outlook.2024.102318. Epub 2024 Nov 28. PMID: 39612563; PMCID: PMC11812054. ",1/9/2025,published,Academic Journal Article,,,,PMC11812054,,,https://pubmed.ncbi.nlm.nih.gov/39612563/,,"Yes, LL 1/5/26","Yes, all 2024 pubs uploaded by Andrea",
Karen Lasater,,"Lasater, K. B., Aiken, L. H., Douglas, C., Windsor, C., Yates, P., Smith, H. L., & McHugh, M. D. (2025). Minimum nurse staffing policy intervention in Queensland Australia improved nurse wellbeing and patient safety: A quasi-experimental intervention study. International journal of nursing studies, 171, 105178. https://doi.org/10.1016/j.ijnurstu.2025.105178 ",,published,Academic Journal Article,,,,PMCID: PMC13248937 ,,,https://pubmed.ncbi.nlm.nih.gov/40845827/,,Yes,"10.20, GR",Had to create for Karen's profile update. 
,,,,,Academic Journal Article,,,,,,,,,,,
,,,,,,,,,,,,,,,,
,,,,,,,,,,,,,,,,
,,,,,,,,,,,,,,,,
,,,,,,,,,,,,,,,,
,,,,,,,,,,,,,,,,
,,,,,,,,,,,,,,,,
,,,,,,,,,,,,,,,,
,,,,,,,,,,,,,,,,
,,,,,,,,,,,,,,,,
,,,,,,,,,,,,,,,,
,,,,,,,,,,,,,,,,
,,,,,,,,,,,,,,,,
,,,,,,,,,,,,,,,,
,,,,,,,,,,,,,,,,
,,,,,,,,,,,,,,,,
,,,,,,,,,,,,,,,,
,,,,,,,,,,,,,,,,
,,,,,,,,,,,,,,,,
,,,,,,,,,,,,,,,,
,,,,,,,,,,,,,,,,
,,,,,,,,,,,,,,,,
,,,,,,,,,,,,,,,,
,,,,,,,,,,,,,,,,
,,,,,,,,,,,,,,,,
,,,,,,,,,,,,,,,,
,,,,,,,,,,,,,,,,
,,,,,,,,,,,,,,,,
,,,,,,,,,,,,,,,,
,,,,,,,,,,,,,,,,
,,,,,,,,,,,,,,,,
,,,,,,,,,,,,,,,,
,,,,,,,,,,,,,,,,
,,,,,,,,,,,,,,,,
,,,,,,,,,,,,,,,,
,,,,,,,,,,,,,,,,
,,,,,,,,,,,,,,,,
,,,,,,,,,,,,,,,,
,,,,,,,,,,,,,,,,
,,,,,,,,,,,,,,,,
,,,,,,,,,,,,,,,,
,,,,,,,,,,,,,,,,
,,,,,,,,,,,,,,,,
,,,,,,,,,,,,,,,,
,,,,,,,,,,,,,,,,
,,,,,,,,,,,,,,,,
,,,,,,,,,,,,,,,,
,,,,,,,,,,,,,,,,
,,,,,,,,,,,,,,,,
,,,,,,,,,,,,,,,,
,,,,,,,,,,,,,,,,
,,,,,,,,,,,,,,,,
,,,,,,,,,,,,,,,,
,,,,,,,,,,,,,,,,
,,,,,,,,,,,,,,,,
,,,,,,,,,,,,,,,,
,,,,,,,,,,,,,,,,
,,,,,,,,,,,,,,,,
,,,,,,,,,,,,,,,,
,,,,,,,,,,,,,,,,
,,,,,,,,,,,,,,,,
,,,,,,,,,,,,,,,,
,,,,,,,,,,,,,,,,
,,,,,,,,,,,,,,,,
,,,,,,,,,,,,,,,,
,,,,,,,,,,,,,,,,
,,,,,,,,,,,,,,,,
,,,,,,,,,,,,,,,,
,,,,,,,,,,,,,,,,
,,,,,,,,,,,,,,,,
,,,,,,,,,,,,,,,,
,,,,,,,,,,,,,,,,
,,,,,,,,,,,,,,,,
,,,,,,,,,,,,,,,,
,,,,,,,,,,,,,,,,
,,,,,,,,,,,,,,,,
,,,,,,,,,,,,,,,,
,,,,,,,,,,,,,,,,
,,,,,,,,,,,,,,,,
,,,,,,,,,,,,,,,,
,,,,,,,,,,,,,,,,
,,,,,,,,,,,,,,,,
,,,,,,,,,,,,,,,,
,,,,,,,,,,,,,,,,
,,,,,,,,,,,,,,,,
,,,,,,,,,,,,,,,,
,,,,,,,,,,,,,,,,
,,,,,,,,,,,,,,,,
,,,,,,,,,,,,,,,,
,,,,,,,,,,,,,,,,
,,,,,,,,,,,,,,,,
,,,,,,,,,,,,,,,,
,,,,,,,,,,,,,,,,
,,,,,,,,,,,,,,,,
,,,,,,,,,,,,,,,,
,,,,,,,,,,,,,,,,
,,,,,,,,,,,,,,,,
,,,,,,,,,,,,,,,,
,,,,,,,,,,,,,,,,
,,,,,,,,,,,,,,,,
,,,,,,,,,,,,,,,,
,,,,,,,,,,,,,,,,
,,,,,,,,,,,,,,,,
,,,,,,,,,,,,,,,,
,,,,,,,,,,,,,,,,
,,,,,,,,,,,,,,,,
,,,,,,,,,,,,,,,,
,,,,,,,,,,,,,,,,
,,,,,,,,,,,,,,,,
,,,,,,,,,,,,,,,,
,,,,,,,,,,,,,,,,
,,,,,,,,,,,,,,,,
,,,,,,,,,,,,,,,,
,,,,,,,,,,,,,,,,
,,,,,,,,,,,,,,,,
,,,,,,,,,,,,,,,,
,,,,,,,,,,,,,,,,
,,,,,,,,,,,,,,,,
,,,,,,,,,,,,,,,,
,,,,,,,,,,,,,,,,
,,,,,,,,,,,,,,,,
,,,,,,,,,,,,,,,,
,,,,,,,,,,,,,,,,
,,,,,,,,,,,,,,,,
,,,,,,,,,,,,,,,,
,,,,,,,,,,,,,,,,
,,,,,,,,,,,,,,,,
,,,,,,,,,,,,,,,,
,,,,,,,,,,,,,,,,
,,,,,,,,,,,,,,,,
,,,,,,,,,,,,,,,,
,,,,,,,,,,,,,,,,
,,,,,,,,,,,,,,,,
,,,,,,,,,,,,,,,,
,,,,,,,,,,,,,,,,
,,,,,,,,,,,,,,,,
,,,,,,,,,,,,,,,,
,,,,,,,,,,,,,,,,
,,,,,,,,,,,,,,,,
,,,,,,,,,,,,,,,,
,,,,,,,,,,,,,,,,
,,,,,,,,,,,,,,,,
,,,,,,,,,,,,,,,,
,,,,,,,,,,,,,,,,
,,,,,,,,,,,,,,,,
,,,,,,,,,,,,,,,,
,,,,,,,,,,,,,,,,
,,,,,,,,,,,,,,,,
,,,,,,,,,,,,,,,,
,,,,,,,,,,,,,,,,
,,,,,,,,,,,,,,,,
,,,,,,,,,,,,,,,,
,,,,,,,,,,,,,,,,
,,,,,,,,,,,,,,,,
,,,,,,,,,,,,,,,,
,,,,,,,,,,,,,,,,
,,,,,,,,,,,,,,,,
,,,,,,,,,,,,,,,,
,,,,,,,,,,,,,,,,
,,,,,,,,,,,,,,,,
,,,,,,,,,,,,,,,,
,,,,,,,,,,,,,,,,
,,,,,,,,,,,,,,,,
,,,,,,,,,,,,,,,,
,,,,,,,,,,,,,,,,
,,,,,,,,,,,,,,,,
,,,,,,,,,,,,,,,,
,,,,,,,,,,,,,,,,
,,,,,,,,,,,,,,,,
,,,,,,,,,,,,,,,,
,,,,,,,,,,,,,,,,
,,,,,,,,,,,,,,,,
,,,,,,,,,,,,,,,,
,,,,,,,,,,,,,,,,
,,,,,,,,,,,,,,,,
,,,,,,,,,,,,,,,,
,,,,,,,,,,,,,,,,
,,,,,,,,,,,,,,,,
,,,,,,,,,,,,,,,,
,,,,,,,,,,,,,,,,
,,,,,,,,,,,,,,,,
,,,,,,,,,,,,,,,,
,,,,,,,,,,,,,,,,
,,,,,,,,,,,,,,,,
,,,,,,,,,,,,,,,,
,,,,,,,,,,,,,,,,
,,,,,,,,,,,,,,,,
,,,,,,,,,,,,,,,,
,,,,,,,,,,,,,,,,
,,,,,,,,,,,,,,,,
,,,,,,,,,,,,,,,,
,,,,,,,,,,,,,,,,
,,,,,,,,,,,,,,,,
,,,,,,,,,,,,,,,,
,,,,,,,,,,,,,,,,
,,,,,,,,,,,,,,,,
,,,,,,,,,,,,,,,,
,,,,,,,,,,,,,,,,
,,,,,,,,,,,,,,,,
,,,,,,,,,,,,,,,,
,,,,,,,,,,,,,,,,
,,,,,,,,,,,,,,,,
,,,,,,,,,,,,,,,,
,,,,,,,,,,,,,,,,
,,,,,,,,,,,,,,,,
,,,,,,,,,,,,,,,,
,,,,,,,,,,,,,,,,
,,,,,,,,,,,,,,,,
,,,,,,,,,,,,,,,,
,,,,,,,,,,,,,,,,
,,,,,,,,,,,,,,,,
,,,,,,,,,,,,,,,,
,,,,,,,,,,,,,,,,
,,,,,,,,,,,,,,,,
,,,,,,,,,,,,,,,,
,,,,,,,,,,,,,,,,
,,,,,,,,,,,,,,,,
,,,,,,,,,,,,,,,,
,,,,,,,,,,,,,,,,
,,,,,,,,,,,,,,,,
,,,,,,,,,,,,,,,,
,,,,,,,,,,,,,,,,
,,,,,,,,,,,,,,,,
,,,,,,,,,,,,,,,,
,,,,,,,,,,,,,,,,
,,,,,,,,,,,,,,,,
,,,,,,,,,,,,,,,,
,,,,,,,,,,,,,,,,
,,,,,,,,,,,,,,,,
,,,,,,,,,,,,,,,,
,,,,,,,,,,,,,,,,
,,,,,,,,,,,,,,,,
,,,,,,,,,,,,,,,,
,,,,,,,,,,,,,,,,
,,,,,,,,,,,,,,,,
,,,,,,,,,,,,,,,,
,,,,,,,,,,,,,,,,
,,,,,,,,,,,,,,,,
,,,,,,,,,,,,,,,,
,,,,,,,,,,,,,,,,
,,,,,,,,,,,,,,,,
,,,,,,,,,,,,,,,,
,,,,,,,,,,,,,,,,
,,,,,,,,,,,,,,,,
,,,,,,,,,,,,,,,,
,,,,,,,,,,,,,,,,
,,,,,,,,,,,,,,,,
,,,,,,,,,,,,,,,,
,,,,,,,,,,,,,,,,
,,,,,,,,,,,,,,,,
,,,,,,,,,,,,,,,,
,,,,,,,,,,,,,,,,
,,,,,,,,,,,,,,,,
,,,,,,,,,,,,,,,,
,,,,,,,,,,,,,,,,
,,,,,,,,,,,,,,,,
,,,,,,,,,,,,,,,,
,,,,,,,,,,,,,,,,
,,,,,,,,,,,,,,,,
,,,,,,,,,,,,,,,,
,,,,,,,,,,,,,,,,
,,,,,,,,,,,,,,,,
,,,,,,,,,,,,,,,,
,,,,,,,,,,,,,,,,
,,,,,,,,,,,,,,,,
,,,,,,,,,,,,,,,,
,,,,,,,,,,,,,,,,
,,,,,,,,,,,,,,,,
,,,,,,,,,,,,,,,,
,,,,,,,,,,,,,,,,
,,,,,,,,,,,,,,,,
,,,,,,,,,,,,,,,,
,,,,,,,,,,,,,,,,
,,,,,,,,,,,,,,,,
,,,,,,,,,,,,,,,,
,,,,,,,,,,,,,,,,
,,,,,,,,,,,,,,,,
,,,,,,,,,,,,,,,,
,,,,,,,,,,,,,,,,
,,,,,,,,,,,,,,,,
,,,,,,,,,,,,,,,,
,,,,,,,,,,,,,,,,
,,,,,,,,,,,,,,,,
,,,,,,,,,,,,,,,,
,,,,,,,,,,,,,,,,
,,,,,,,,,,,,,,,,
,,,,,,,,,,,,,,,,
,,,,,,,,,,,,,,,,
,,,,,,,,,,,,,,,,
,,,,,,,,,,,,,,,,
,,,,,,,,,,,,,,,,
,,,,,,,,,,,,,,,,
,,,,,,,,,,,,,,,,
,,,,,,,,,,,,,,,,
,,,,,,,,,,,,,,,,
,,,,,,,,,,,,,,,,
,,,,,,,,,,,,,,,,
,,,,,,,,,,,,,,,,
,,,,,,,,,,,,,,,,
,,,,,,,,,,,,,,,,
,,,,,,,,,,,,,,,,
,,,,,,,,,,,,,,,,
,,,,,,,,,,,,,,,,
,,,,,,,,,,,,,,,,
,,,,,,,,,,,,,,,,
,,,,,,,,,,,,,,,,
,,,,,,,,,,,,,,,,
,,,,,,,,,,,,,,,,
,,,,,,,,,,,,,,,,
,,,,,,,,,,,,,,,,
,,,,,,,,,,,,,,,,
,,,,,,,,,,,,,,,,
,,,,,,,,,,,,,,,,
,,,,,,,,,,,,,,,,
,,,,,,,,,,,,,,,,
,,,,,,,,,,,,,,,,
,,,,,,,,,,,,,,,,
,,,,,,,,,,,,,,,,
,,,,,,,,,,,,,,,,
,,,,,,,,,,,,,,,,
,,,,,,,,,,,,,,,,
,,,,,,,,,,,,,,,,
,,,,,,,,,,,,,,,,
,,,,,,,,,,,,,,,,
,,,,,,,,,,,,,,,,
,,,,,,,,,,,,,,,,
,,,,,,,,,,,,,,,,
,,,,,,,,,,,,,,,,
,,,,,,,,,,,,,,,,
,,,,,,,,,,,,,,,,
,,,,,,,,,,,,,,,,
,,,,,,,,,,,,,,,,
,,,,,,,,,,,,,,,,
,,,,,,,,,,,,,,,,
,,,,,,,,,,,,,,,,
,,,,,,,,,,,,,,,,
,,,,,,,,,,,,,,,,
,,,,,,,,,,,,,,,,
,,,,,,,,,,,,,,,,
,,,,,,,,,,,,,,,,
,,,,,,,,,,,,,,,,
,,,,,,,,,,,,,,,,
,,,,,,,,,,,,,,,,
,,,,,,,,,,,,,,,,
,,,,,,,,,,,,,,,,
,,,,,,,,,,,,,,,,
,,,,,,,,,,,,,,,,
,,,,,,,,,,,,,,,,
,,,,,,,,,,,,,,,,
,,,,,,,,,,,,,,,,
,,,,,,,,,,,,,,,,
,,,,,,,,,,,,,,,,
,,,,,,,,,,,,,,,,
,,,,,,,,,,,,,,,,
,,,,,,,,,,,,,,,,
,,,,,,,,,,,,,,,,
,,,,,,,,,,,,,,,,
,,,,,,,,,,,,,,,,
,,,,,,,,,,,,,,,,
,,,,,,,,,,,,,,,,
,,,,,,,,,,,,,,,,
,,,,,,,,,,,,,,,,
,,,,,,,,,,,,,,,,
,,,,,,,,,,,,,,,,
,,,,,,,,,,,,,,,,
,,,,,,,,,,,,,,,,
,,,,,,,,,,,,,,,,
,,,,,,,,,,,,,,,,
,,,,,,,,,,,,,,,,
,,,,,,,,,,,,,,,,
,,,,,,,,,,,,,,,,
,,,,,,,,,,,,,,,,
,,,,,,,,,,,,,,,,
,,,,,,,,,,,,,,,,
,,,,,,,,,,,,,,,,
,,,,,,,,,,,,,,,,
,,,,,,,,,,,,,,,,
,,,,,,,,,,,,,,,,
,,,,,,,,,,,,,,,,
,,,,,,,,,,,,,,,,
,,,,,,,,,,,,,,,,
,,,,,,,,,,,,,,,,
,,,,,,,,,,,,,,,,
,,,,,,,,,,,,,,,,
,,,,,,,,,,,,,,,,
,,,,,,,,,,,,,,,,
,,,,,,,,,,,,,,,,
,,,,,,,,,,,,,,,,
,,,,,,,,,,,,,,,,
,,,,,,,,,,,,,,,,
,,,,,,,,,,,,,,,,
,,,,,,,,,,,,,,,,
,,,,,,,,,,,,,,,,
,,,,,,,,,,,,,,,,
,,,,,,,,,,,,,,,,
,,,,,,,,,,,,,,,,
,,,,,,,,,,,,,,,,
,,,,,,,,,,,,,,,,
,,,,,,,,,,,,,,,,
,,,,,,,,,,,,,,,,
,,,,,,,,,,,,,,,,
,,,,,,,,,,,,,,,,
,,,,,,,,,,,,,,,,
,,,,,,,,,,,,,,,,
,,,,,,,,,,,,,,,,
,,,,,,,,,,,,,,,,
,,,,,,,,,,,,,,,,
,,,,,,,,,,,,,,,,
,,,,,,,,,,,,,,,,
,,,,,,,,,,,,,,,,
,,,,,,,,,,,,,,,,
,,,,,,,,,,,,,,,,
,,,,,,,,,,,,,,,,
,,,,,,,,,,,,,,,,
,,,,,,,,,,,,,,,,
,,,,,,,,,,,,,,,,
,,,,,,,,,,,,,,,,
,,,,,,,,,,,,,,,,
,,,,,,,,,,,,,,,,
,,,,,,,,,,,,,,,,
,,,,,,,,,,,,,,,,
,,,,,,,,,,,,,,,,
,,,,,,,,,,,,,,,,
,,,,,,,,,,,,,,,,
,,,,,,,,,,,,,,,,
,,,,,,,,,,,,,,,,
,,,,,,,,,,,,,,,,
,,,,,,,,,,,,,,,,
,,,,,,,,,,,,,,,,
,,,,,,,,,,,,,,,,
,,,,,,,,,,,,,,,,
,,,,,,,,,,,,,,,,
,,,,,,,,,,,,,,,,
,,,,,,,,,,,,,,,,
,,,,,,,,,,,,,,,,
,,,,,,,,,,,,,,,,
,,,,,,,,,,,,,,,,
,,,,,,,,,,,,,,,,
,,,,,,,,,,,,,,,,
,,,,,,,,,,,,,,,,
,,,,,,,,,,,,,,,,
,,,,,,,,,,,,,,,,
,,,,,,,,,,,,,,,,
,,,,,,,,,,,,,,,,
,,,,,,,,,,,,,,,,
,,,,,,,,,,,,,,,,
,,,,,,,,,,,,,,,,
,,,,,,,,,,,,,,,,
,,,,,,,,,,,,,,,,
,,,,,,,,,,,,,,,,
,,,,,,,,,,,,,,,,
,,,,,,,,,,,,,,,,
,,,,,,,,,,,,,,,,
,,,,,,,,,,,,,,,,
,,,,,,,,,,,,,,,,
,,,,,,,,,,,,,,,,
,,,,,,,,,,,,,,,,
,,,,,,,,,,,,,,,,
,,,,,,,,,,,,,,,,
,,,,,,,,,,,,,,,,
,,,,,,,,,,,,,,,,
,,,,,,,,,,,,,,,,
,,,,,,,,,,,,,,,,
,,,,,,,,,,,,,,,,
,,,,,,,,,,,,,,,,
,,,,,,,,,,,,,,,,
,,,,,,,,,,,,,,,,
,,,,,,,,,,,,,,,,
,,,,,,,,,,,,,,,,
,,,,,,,,,,,,,,,,
,,,,,,,,,,,,,,,,
,,,,,,,,,,,,,,,,
,,,,,,,,,,,,,,,,
,,,,,,,,,,,,,,,,
,,,,,,,,,,,,,,,,
,,,,,,,,,,,,,,,,
,,,,,,,,,,,,,,,,
,,,,,,,,,,,,,,,,
,,,,,,,,,,,,,,,,
,,,,,,,,,,,,,,,,
,,,,,,,,,,,,,,,,
,,,,,,,,,,,,,,,,
,,,,,,,,,,,,,,,,
,,,,,,,,,,,,,,,,
,,,,,,,,,,,,,,,,
,,,,,,,,,,,,,,,,
,,,,,,,,,,,,,,,,
,,,,,,,,,,,,,,,,
,,,,,,,,,,,,,,,,
,,,,,,,,,,,,,,,,
,,,,,,,,,,,,,,,,
,,,,,,,,,,,,,,,,
,,,,,,,,,,,,,,,,
,,,,,,,,,,,,,,,,
,,,,,,,,,,,,,,,,
,,,,,,,,,,,,,,,,
,,,,,,,,,,,,,,,,
,,,,,,,,,,,,,,,,
,,,,,,,,,,,,,,,,
,,,,,,,,,,,,,,,,
,,,,,,,,,,,,,,,,
,,,,,,,,,,,,,,,,
,,,,,,,,,,,,,,,,
,,,,,,,,,,,,,,,,
,,,,,,,,,,,,,,,,
,,,,,,,,,,,,,,,,
,,,,,,,,,,,,,,,,
,,,,,,,,,,,,,,,,
,,,,,,,,,,,,,,,,
,,,,,,,,,,,,,,,,
,,,,,,,,,,,,,,,,
,,,,,,,,,,,,,,,,
,,,,,,,,,,,,,,,,
,,,,,,,,,,,,,,,,
,,,,,,,,,,,,,,,,
,,,,,,,,,,,,,,,,
,,,,,,,,,,,,,,,,
,,,,,,,,,,,,,,,,
,,,,,,,,,,,,,,,,
,,,,,,,,,,,,,,,,
,,,,,,,,,,,,,,,,
,,,,,,,,,,,,,,,,
,,,,,,,,,,,,,,,,
,,,,,,,,,,,,,,,,
,,,,,,,,,,,,,,,,
,,,,,,,,,,,,,,,,
,,,,,,,,,,,,,,,,
,,,,,,,,,,,,,,,,
,,,,,,,,,,,,,,,,
,,,,,,,,,,,,,,,,
,,,,,,,,,,,,,,,,
,,,,,,,,,,,,,,,,
,,,,,,,,,,,,,,,,
,,,,,,,,,,,,,,,,
,,,,,,,,,,,,,,,,
,,,,,,,,,,,,,,,,
,,,,,,,,,,,,,,,,
,,,,,,,,,,,,,,,,
,,,,,,,,,,,,,,,,
,,,,,,,,,,,,,,,,
,,,,,,,,,,,,,,,,
,,,,,,,,,,,,,,,,
,,,,,,,,,,,,,,,,
,,,,,,,,,,,,,,,,
,,,,,,,,,,,,,,,,
,,,,,,,,,,,,,,,,
,,,,,,,,,,,,,,,,
,,,,,,,,,,,,,,,,
,,,,,,,,,,,,,,,,
,,,,,,,,,,,,,,,,
,,,,,,,,,,,,,,,,
,,,,,,,,,,,,,,,,
,,,,,,,,,,,,,,,,
,,,,,,,,,,,,,,,,
,,,,,,,,,,,,,,,,
,,,,,,,,,,,,,,,,
,,,,,,,,,,,,,,,,
,,,,,,,,,,,,,,,,
,,,,,,,,,,,,,,,,
,,,,,,,,,,,,,,,,
,,,,,,,,,,,,,,,,
,,,,,,,,,,,,,,,,
,,,,,,,,,,,,,,,,
,,,,,,,,,,,,,,,,
,,,,,,,,,,,,,,,,
,,,,,,,,,,,,,,,,
,,,,,,,,,,,,,,,,
,,,,,,,,,,,,,,,,
,,,,,,,,,,,,,,,,
,,,,,,,,,,,,,,,,
,,,,,,,,,,,,,,,,
,,,,,,,,,,,,,,,,
,,,,,,,,,,,,,,,,
,,,,,,,,,,,,,,,,
,,,,,,,,,,,,,,,,
,,,,,,,,,,,,,,,,
,,,,,,,,,,,,,,,,
,,,,,,,,,,,,,,,,
,,,,,,,,,,,,,,,,
,,,,,,,,,,,,,,,,
,,,,,,,,,,,,,,,,
,,,,,,,,,,,,,,,,
,,,,,,,,,,,,,,,,
,,,,,,,,,,,,,,,,
,,,,,,,,,,,,,,,,
,,,,,,,,,,,,,,,,
,,,,,,,,,,,,,,,,
,,,,,,,,,,,,,,,,
,,,,,,,,,,,,,,,,
,,,,,,,,,,,,,,,,
,,,,,,,,,,,,,,,,
,,,,,,,,,,,,,,,,
,,,,,,,,,,,,,,,,
,,,,,,,,,,,,,,,,
,,,,,,,,,,,,,,,,
,,,,,,,,,,,,,,,,
,,,,,,,,,,,,,,,,
,,,,,,,,,,,,,,,,
,,,,,,,,,,,,,,,,
,,,,,,,,,,,,,,,,
,,,,,,,,,,,,,,,,
,,,,,,,,,,,,,,,,
,,,,,,,,,,,,,,,,
,,,,,,,,,,,,,,,,
,,,,,,,,,,,,,,,,
,,,,,,,,,,,,,,,,
,,,,,,,,,,,,,,,,
,,,,,,,,,,,,,,,,
,,,,,,,,,,,,,,,,
,,,,,,,,,,,,,,,,
,,,,,,,,,,,,,,,,
,,,,,,,,,,,,,,,,
,,,,,,,,,,,,,,,,
,,,,,,,,,,,,,,,,
,,,,,,,,,,,,,,,,
,,,,,,,,,,,,,,,,
,,,,,,,,,,,,,,,,
,,,,,,,,,,,,,,,,
,,,,,,,,,,,,,,,,
,,,,,,,,,,,,,,,,
,,,,,,,,,,,,,,,,
,,,,,,,,,,,,,,,,
,,,,,,,,,,,,,,,,
,,,,,,,,,,,,,,,,
,,,,,,,,,,,,,,,,
,,,,,,,,,,,,,,,,
,,,,,,,,,,,,,,,,
,,,,,,,,,,,,,,,,
,,,,,,,,,,,,,,,,
,,,,,,,,,,,,,,,,
,,,,,,,,,,,,,,,,
,,,,,,,,,,,,,,,,
,,,,,,,,,,,,,,,,
,,,,,,,,,,,,,,,,
,,,,,,,,,,,,,,,,
,,,,,,,,,,,,,,,,
,,,,,,,,,,,,,,,,
,,,,,,,,,,,,,,,,
,,,,,,,,,,,,,,,,
,,,,,,,,,,,,,,,,
,,,,,,,,,,,,,,,,
,,,,,,,,,,,,,,,,
,,,,,,,,,,,,,,,,
,,,,,,,,,,,,,,,,
,,,,,,,,,,,,,,,,
,,,,,,,,,,,,,,,,
,,,,,,,,,,,,,,,,
,,,,,,,,,,,,,,,,
,,,,,,,,,,,,,,,,
,,,,,,,,,,,,,,,,
,,,,,,,,,,,,,,,,
,,,,,,,,,,,,,,,,
,,,,,,,,,,,,,,,,
,,,,,,,,,,,,,,,,
,,,,,,,,,,,,,,,,
,,,,,,,,,,,,,,,,
,,,,,,,,,,,,,,,,
,,,,,,,,,,,,,,,,
,,,,,,,,,,,,,,,,
,,,,,,,,,,,,,,,,
,,,,,,,,,,,,,,,,
,,,,,,,,,,,,,,,,
,,,,,,,,,,,,,,,,
,,,,,,,,,,,,,,,,
,,,,,,,,,,,,,,,,
,,,,,,,,,,,,,,,,
,,,,,,,,,,,,,,,,
,,,,,,,,,,,,,,,,
,,,,,,,,,,,,,,,,
,,,,,,,,,,,,,,,,
,,,,,,,,,,,,,,,,
,,,,,,,,,,,,,,,,
,,,,,,,,,,,,,,,,
,,,,,,,,,,,,,,,,
,,,,,,,,,,,,,,,,
,,,,,,,,,,,,,,,,
,,,,,,,,,,,,,,,,
,,,,,,,,,,,,,,,,
,,,,,,,,,,,,,,,,
,,,,,,,,,,,,,,,,
,,,,,,,,,,,,,,,,
,,,,,,,,,,,,,,,,
,,,,,,,,,,,,,,,,
,,,,,,,,,,,,,,,,
,,,,,,,,,,,,,,,,
,,,,,,,,,,,,,,,,
,,,,,,,,,,,,,,,,
,,,,,,,,,,,,,,,,
,,,,,,,,,,,,,,,,
,,,,,,,,,,,,,,,,
,,,,,,,,,,,,,,,,
,,,,,,,,,,,,,,,,
,,,,,,,,,,,,,,,,
,,,,,,,,,,,,,,,,
,,,,,,,,,,,,,,,,
,,,,,,,,,,,,,,,,
,,,,,,,,,,,,,,,,
,,,,,,,,,,,,,,,,
,,,,,,,,,,,,,,,,
,,,,,,,,,,,,,,,,
,,,,,,,,,,,,,,,,
,,,,,,,,,,,,,,,,
,,,,,,,,,,,,,,,,
,,,,,,,,,,,,,,,,
,,,,,,,,,,,,,,,,
,,,,,,,,,,,,,,,,
,,,,,,,,,,,,,,,,
,,,,,,,,,,,,,,,,
,,,,,,,,,,,,,,,,
,,,,,,,,,,,,,,,,
,,,,,,,,,,,,,,,,
,,,,,,,,,,,,,,,,
,,,,,,,,,,,,,,,,
,,,,,,,,,,,,,,,,
,,,,,,,,,,,,,,,,
,,,,,,,,,,,,,,,,
,,,,,,,,,,,,,,,,
,,,,,,,,,,,,,,,,
,,,,,,,,,,,,,,,,
,,,,,,,,,,,,,,,,
,,,,,,,,,,,,,,,,
,,,,,,,,,,,,,,,,
,,,,,,,,,,,,,,,,
,,,,,,,,,,,,,,,,
,,,,,,,,,,,,,,,,
,,,,,,,,,,,,,,,,
,,,,,,,,,,,,,,,,
,,,,,,,,,,,,,,,,
,,,,,,,,,,,,,,,,
,,,,,,,,,,,,,,,,
,,,,,,,,,,,,,,,,
,,,,,,,,,,,,,,,,
,,,,,,,,,,,,,,,,
,,,,,,,,,,,,,,,,
,,,,,,,,,,,,,,,,
,,,,,,,,,,,,,,,,
,,,,,,,,,,,,,,,,
,,,,,,,,,,,,,,,,
,,,,,,,,,,,,,,,,
,,,,,,,,,,,,,,,,
,,,,,,,,,,,,,,,,
,,,,,,,,,,,,,,,,
,,,,,,,,,,,,,,,,
,,,,,,,,,,,,,,,,
,,,,,,,,,,,,,,,,
,,,,,,,,,,,,,,,,
,,,,,,,,,,,,,,,,
,,,,,,,,,,,,,,,,
,,,,,,,,,,,,,,,,
,,,,,,,,,,,,,,,,
,,,,,,,,,,,,,,,,
,,,,,,,,,,,,,,,,
,,,,,,,,,,,,,,,,
,,,,,,,,,,,,,,,,
,,,,,,,,,,,,,,,,
,,,,,,,,,,,,,,,,
,,,,,,,,,,,,,,,,
,,,,,,,,,,,,,,,,
,,,,,,,,,,,,,,,,
,,,,,,,,,,,,,,,,
,,,,,,,,,,,,,,,,
,,,,,,,,,,,,,,,,
,,,,,,,,,,,,,,,,
,,,,,,,,,,,,,,,,
,,,,,,,,,,,,,,,,
,,,,,,,,,,,,,,,,
,,,,,,,,,,,,,,,,
,,,,,,,,,,,,,,,,
,,,,,,,,,,,,,,,,
,,,,,,,,,,,,,,,,
,,,,,,,,,,,,,,,,
,,,,,,,,,,,,,,,,
,,,,,,,,,,,,,,,,
,,,,,,,,,,,,,,,,
,,,,,,,,,,,,,,,,
,,,,,,,,,,,,,,,,
,,,,,,,,,,,,,,,,
,,,,,,,,,,,,,,,,
,,,,,,,,,,,,,,,,
,,,,,,,,,,,,,,,,
,,,,,,,,,,,,,,,,
,,,,,,,,,,,,,,,,
,,,,,,,,,,,,,,,,
,,,,,,,,,,,,,,,,
,,,,,,,,,,,,,,,,
,,,,,,,,,,,,,,,,
,,,,,,,,,,,,,,,,
,,,,,,,,,,,,,,,,
,,,,,,,,,,,,,,,,
,,,,,,,,,,,,,,,,
,,,,,,,,,,,,,,,,
,,,,,,,,,,,,,,,,
,,,,,,,,,,,,,,,,
,,,,,,,,,,,,,,,,
,,,,,,,,,,,,,,,,
,,,,,,,,,,,,,,,,
,,,,,,,,,,,,,,,,
,,,,,,,,,,,,,,,,
,,,,,,,,,,,,,,,,
,,,,,,,,,,,,,,,,
,,,,,,,,,,,,,,,,
,,,,,,,,,,,,,,,,
,,,,,,,,,,,,,,,,
,,,,,,,,,,,,,,,,
,,,,,,,,,,,,,,,,
,,,,,,,,,,,,,,,,
,,,,,,,,,,,,,,,,
,,,,,,,,,,,,,,,,
,,,,,,,,,,,,,,,,
,,,,,,,,,,,,,,,,
,,,,,,,,,,,,,,,,
,,,,,,,,,,,,,,,,
,,,,,,,,,,,,,,,,
,,,,,,,,,,,,,,,,
,,,,,,,,,,,,,,,,
,,,,,,,,,,,,,,,,
,,,,,,,,,,,,,,,,
,,,,,,,,,,,,,,,,
,,,,,,,,,,,,,,,,
,,,,,,,,,,,,,,,,
,,,,,,,,,,,,,,,,
,,,,,,,,,,,,,,,,
,,,,,,,,,,,,,,,,
,,,,,,,,,,,,,,,,
,,,,,,,,,,,,,,,,
,,,,,,,,,,,,,,,,
,,,,,,,,,,,,,,,,
,,,,,,,,,,,,,,,,
,,,,,,,,,,,,,,,,
,,,,,,,,,,,,,,,,
,,,,,,,,,,,,,,,,
,,,,,,,,,,,,,,,,
,,,,,,,,,,,,,,,,
,,,,,,,,,,,,,,,,
,,,,,,,,,,,,,,,,
,,,,,,,,,,,,,,,,
,,,,,,,,,,,,,,,,
,,,,,,,,,,,,,,,,
,,,,,,,,,,,,,,,,
,,,,,,,,,,,,,,,,
,,,,,,,,,,,,,,,,
,,,,,,,,,,,,,,,,
,,,,,,,,,,,,,,,,
,,,,,,,,,,,,,,,,
,,,,,,,,,,,,,,,,
,,,,,,,,,,,,,,,,
,,,,,,,,,,,,,,,,
,,,,,,,,,,,,,,,,
,,,,,,,,,,,,,,,,
,,,,,,,,,,,,,,,,
,,,,,,,,,,,,,,,,
,,,,,,,,,,,,,,,,
,,,,,,,,,,,,,,,,
,,,,,,,,,,,,,,,,
,,,,,,,,,,,,,,,,
,,,,,,,,,,,,,,,,
,,,,,,,,,,,,,,,,
,,,,,,,,,,,,,,,,
,,,,,,,,,,,,,,,,
,,,,,,,,,,,,,,,,
,,,,,,,,,,,,,,,,
,,,,,,,,,,,,,,,,
,,,,,,,,,,,,,,,,
,,,,,,,,,,,,,,,,
,,,,,,,,,,,,,,,,
,,,,,,,,,,,,,,,,
,,,,,,,,,,,,,,,,
,,,,,,,,,,,,,,,,
,,,,,,,,,,,,,,,,
,,,,,,,,,,,,,,,,
,,,,,,,,,,,,,,,,
,,,,,,,,,,,,,,,,
,,,,,,,,,,,,,,,,
,,,,,,,,,,,,,,,,
,,,,,,,,,,,,,,,,
,,,,,,,,,,,,,,,,
,,,,,,,,,,,,,,,,
,,,,,,,,,,,,,,,,
,,,,,,,,,,,,,,,,
,,,,,,,,,,,,,,,,
,,,,,,,,,,,,,,,,
,,,,,,,,,,,,,,,,
,,,,,,,,,,,,,,,,
,,,,,,,,,,,,,,,,
,,,,,,,,,,,,,,,,
,,,,,,,,,,,,,,,,
,,,,,,,,,,,,,,,,
,,,,,,,,,,,,,,,,
,,,,,,,,,,,,,,,,
,,,,,,,,,,,,,,,,
,,,,,,,,,,,,,,,,
,,,,,,,,,,,,,,,,
,,,,,,,,,,,,,,,,
,,,,,,,,,,,,,,,,
,,,,,,,,,,,,,,,,
,,,,,,,,,,,,,,,,
,,,,,,,,,,,,,,,,
,,,,,,,,,,,,,,,,
,,,,,,,,,,,,,,,,
,,,,,,,,,,,,,,,,
,,,,,,,,,,,,,,,,
,,,,,,,,,,,,,,,,
,,,,,,,,,,,,,,,,
,,,,,,,,,,,,,,,,
,,,,,,,,,,,,,,,,
,,,,,,,,,,,,,,,,
,,,,,,,,,,,,,,,,
,,,,,,,,,,,,,,,,
,,,,,,,,,,,,,,,,
,,,,,,,,,,,,,,,,
,,,,,,,,,,,,,,,,
,,,,,,,,,,,,,,,,
,,,,,,,,,,,,,,,,
,,,,,,,,,,,,,,,,
,,,,,,,,,,,,,,,,
,,,,,,,,,,,,,,,,
,,,,,,,,,,,,,,,,
,,,,,,,,,,,,,,,,
,,,,,,,,,,,,,,,,
,,,,,,,,,,,,,,,,
,,,,,,,,,,,,,,,,
,,,,,,,,,,,,,,,,
,,,,,,,,,,,,,,,,
,,,,,,,,,,,,,,,,
,,,,,,,,,,,,,,,,
,,,,,,,,,,,,,,,,
,,,,,,,,,,,,,,,,
,,,,,,,,,,,,,,,,
,,,,,,,,,,,,,,,,
,,,,,,,,,,,,,,,,
,,,,,,,,,,,,,,,,
,,,,,,,,,,,,,,,,
,,,,,,,,,,,,,,,,
,,,,,,,,,,,,,,,,
,,,,,,,,,,,,,,,,
,,,,,,,,,,,,,,,,
,,,,,,,,,,,,,,,,
,,,,,,,,,,,,,,,,
,,,,,,,,,,,,,,,,
,,,,,,,,,,,,,,,,
,,,,,,,,,,,,,,,,
,,,,,,,,,,,,,,,,
,,,,,,,,,,,,,,,,
,,,,,,,,,,,,,,,,
,,,,,,,,,,,,,,,,
,,,,,,,,,,,,,,,,
,,,,,,,,,,,,,,,,
,,,,,,,,,,,,,,,,
,,,,,,,,,,,,,,,,
,,,,,,,,,,,,,,,,
,,,,,,,,,,,,,,,,
,,,,,,,,,,,,,,,,
,,,,,,,,,,,,,,,,
,,,,,,,,,,,,,,,,
,,,,,,,,,,,,,,,,
,,,,,,,,,,,,,,,,
,,,,,,,,,,,,,,,,
,,,,,,,,,,,,,,,,
,,,,,,,,,,,,,,,,
,,,,,,,,,,,,,,,,
,,,,,,,,,,,,,,,,
,,,,,,,,,,,,,,,,
,,,,,,,,,,,,,,,,
,,,,,,,,,,,,,,,,
,,,,,,,,,,,,,,,,
,,,,,,,,,,,,,,,,
,,,,,,,,,,,,,,,,
,,,,,,,,,,,,,,,,
,,,,,,,,,,,,,,,,
,,,,,,,,,,,,,,,,
,,,,,,,,,,,,,,,,
,,,,,,,,,,,,,,,,
,,,,,,,,,,,,,,,,
,,,,,,,,,,,,,,,,
,,,,,,,,,,,,,,,,
,,,,,,,,,,,,,,,,
,,,,,,,,,,,,,,,,
,,,,,,,,,,,,,,,,
,,,,,,,,,,,,,,,,
,,,,,,,,,,,,,,,,
,,,,,,,,,,,,,,,,
,,,,,,,,,,,,,,,,
